Name,Description,Code
category1,lajdlaljlda,001
catergory2,kadkaldmlad;la,CA-00001
Ahsan,jkfjklds,CA-00002
Umar,534545,CA-00003
Moiz,43534,CA-00004
Veribet,Viva,CA-00005
Transcof,Voltsillam,CA-00006
Zoolab,Konklab,CA-00007
Bitchip,Mat Lam Tam,CA-00008
Home Ing,Cardify,CA-00009
Subin,Zathin,CA-00010
Stringtough,Redhold,CA-00011
Duobam,Zathin,CA-00012
Cookley,Tin,CA-00013
Toughjoyfax,Transcof,CA-00014
Stronghold,Subin,CA-00015
Solarbreeze,Viva,CA-00016
Temp,Matsoft,CA-00017
Bitwolf,Solarbreeze,CA-00018
Viva,Toughjoyfax,CA-00019
Hatity,Tempsoft,CA-00020
Sonsing,Alpha,CA-00021
Bigtax,Transcof,CA-00022
Quo Lux,Flexidy,CA-00023
Lotlux,Voyatouch,CA-00024
Overhold,Home Ing,CA-00025
Gembucket,Pannier,CA-00026
Namfix,Keylex,CA-00027
Zaam-Dox,Wrapsafe,CA-00028
It,Flexidy,CA-00029
Alphazap,Cookley,CA-00030
Fixflex,Ronstring,CA-00031
Tresom,Biodex,CA-00032
Daltfresh,Andalax,CA-00033
Domainer,Opela,CA-00034
Aerified,Veribet,CA-00035
Flexidy,Tresom,CA-00036
Voltsillam,Andalax,CA-00037
Alpha,Lotlux,CA-00038
Pannier,Rank,CA-00039
Tin,Home Ing,CA-00040
Prodder,Temp,CA-00041
Y-find,Latlux,CA-00042
Flowdesk,Prodder,CA-00043
Tempsoft,Zoolab,CA-00044
Sub-Ex,Konklux,CA-00045
Keylex,Overhold,CA-00046
Lotstring,Tampflex,CA-00047
Redhold,Tin,CA-00048
Cardify,Wrapsafe,CA-00049
Zathin,Cookley,CA-00050
Otcom,Toughjoyfax,CA-00051
Konklux,Konklux,CA-00052
Bamity,Veribet,CA-00053
Mat Lam Tam,Flowdesk,CA-00054
Zamit,Cardguard,CA-00055
Rank,Otcom,CA-00056
Fintone,Home Ing,CA-00057
Treeflex,Zaam-Dox,CA-00058
Wrapsafe,Flowdesk,CA-00059
Tres-Zap,Quo Lux,CA-00060
Cardguard,Solarbreeze,CA-00061
Span,Temp,CA-00062
342,3432,CA-00063
234,2344,CA-00064
Hafatasdfsfa,ewrr,CA-00065
Amjad,adfad,CA-00066
Amja23,sdfd,CA-00067
Ahsan IIUI,FSDFSD,CA-00068
iiui Islamic,34545,CA-00069
Usama,df,CA-00070
345,3454354,CA-00071
